iter	Logloss
0	0.4977343695
1	0.3668930562
2	0.277170881
3	0.2111760756
4	0.1645695537
5	0.1372126895
6	0.1167769769
7	0.1029216249
8	0.09310429558
9	0.08472343402
